﻿Meeting ID,Host,Email,User Type,Start Time,End Time,Duration (hh:mm:ss),Participants,PSTN,VoIP,3rd Party Audio,Video,Screen Sharing,Recording,SIP
350-930-232,popeye,popeye@email.com,Pro|Webinar500,"Jan 31, 2018 08:37 AM",10:07 AM,01:29:44,194,false,true,false,true,true,true,false,

Participant,Device,IP Address,Location,Network Type,Microphone,Speaker,Camera,Data Center,Connection Type,Join Time,Leave Time,Version,Audio (Receiving) Bitrate,Audio (Sending) Bitrate,Audio (Receiving) Latency,Audio (Sending) Latency,Audio (Receiving) Jitter,Audio (Sending) Jitter,Audio (Receiving) Packet Loss-Avg(Max),Audio (Sending) Packet Loss-Avg(Max),Video (Receiving) Bitrate,Video (Sending) Bitrate,Video (Receiving) Latency,Video (Sending) Latency,Video (Receiving) Jitter,Video (Sending) Jitter,Video (Receiving) Packet Loss-Avg(Max),Video (Sending) Packet Loss-Avg(Max),Video (Receiving) Resolution,Video (Sending) Resolution,Video (Receiving) Frame Rate,Video (Sending) Frame Rate,Screen Sharing (Receiving) Bitrate,Screen Sharing (Sending) Bitrate,Screen Sharing (Receiving) Latency,Screen Sharing (Sending) Latency,Screen Sharing (Receiving) Jitter,Screen Sharing (Sending) Jitter,Screen Sharing (Receiving) Packet Loss-Avg(Max),Screen Sharing (Sending) Packet Loss-Avg(Max),Screen Sharing (Receiving) Resolution,Screen Sharing (Sending) Resolution,Screen Sharing (Receiving) Frame Rate,Screen Sharing (Sending) Frame Rate,Zoom Min Cpu Usage,Zoom Avg Cpu Usage,Zoom Max Cpu Usage,System Max Cpu Usage,
popeye,Unknown,192.168.19.98, (US ),Wired,,,,DV (Sub),,08:56 AM,08:58 AM,,

Yippie,Mac,192.168.201.67,Bellevue (US ),Wifi,Built-in Microphone (Internal Microphone),Built-in Output (Internal Speakers),,SC (Sub),UDP,09:06 AM,09:09 AM,4.0.36452.0616,75 kbps,-,444 ms,-,165 ms,-,0.97 %(1.27 %),-(-),86 kbps,-,271 ms,-,147 ms,-,3.17 %(3.27 %),-(-),256*144,-,11 fps,-,46 kbps,46 kbps,241 ms,241 ms,222 ms,222 ms,-(-),-(-),1440*900,1440*900,12 fps,12 fps,2 %,4 %,6 %,15 %

Yippie,Mac,192.168.201.67,Ashburn (US ),Wifi,Built-in Microphone (Internal Microphone),Built-in Output (Internal Speakers),,SC (Sub),UDP,09:09 AM,10:05 AM,4.0.36452.0616,76 kbps,-,40 ms,-,19 ms,-,2.32 %(3.08 %),-(-),87 kbps,-,28 ms,-,15 ms,-,1.5 %(2.35 %),-(-),256*144,-,11 fps,-,138 kbps,138 kbps,48 ms,48 ms,33 ms,33 ms,-(-),-(-),1440*900,1440*900,7 fps,7 fps,2 %,3 %,6 %,30 %

popeye,Mac,192.168.19.98, (US ),Wifi,Yeti Stereo Microphone,Built-in Output (Headphones),FaceTime HD Camera,SC (Top),UDP,08:37 AM,08:56 AM,4.1.9338.0929,-,-,-,-,-,-,-(-),-(-),-,-,-,-,-,-,-(-),-(-),-,-,-,-,-,-,-,-,-,-,-(-),-(-),-,-,-,-,2 %,3 %,4 %,14 %

Yippie,Mac,192.168.201.67,Bellevue (US ),Wifi,Built-in Microphone (Internal Microphone),Built-in Output (Internal Speakers),,SC (Top),UDP,08:38 AM,08:49 AM,4.0.36452.0616,-,-,-,-,-,-,-(-),-(-),-,-,61 ms,-,17 ms,-,-(-),-(-),-,-,-,-,28 kbps,28 kbps,235 ms,235 ms,181 ms,181 ms,-(-),-(-),1440*900,1440*900,3 fps,3 fps,2 %,2 %,5 %,30 %

Yippie,Mac,192.168.201.67,Bellevue (US ),Wifi,Built-in Microphone (Internal Microphone),Built-in Output (Internal Speakers),,SC (Top),UDP,08:50 AM,08:50 AM,4.0.36452.0616,-,-,-,-,-,-,-(-),-(-),-,-,74 ms,-,19 ms,-,-(-),-(-),-,-,-,-,15 kbps,15 kbps,38 ms,38 ms,12 ms,12 ms,-(-),-(-),-,-,-,-,0 %,0 %,0 %,0 %

Yippie,Mac,192.168.201.67,Bellevue (US ),Wifi,Built-in Microphone (Internal Microphone),Built-in Output (Internal Speakers),,SC (Top),UDP,08:50 AM,09:05 AM,4.0.36452.0616,40 kbps,-,165 ms,-,110 ms,-,0.62 %(1.04 %),-(-),60 kbps,-,892 ms,-,491 ms,-,20.45 %(21.65 %),-(-),256*144,-,8 fps,-,66 kbps,66 kbps,398 ms,398 ms,280 ms,280 ms,-(-),-(-),1440*900,1440*900,5 fps,5 fps,1 %,2 %,6 %,27 %

popeye,Mac,192.168.19.98, (US ),Wifi,Yeti Stereo Microphone,Built-in Output (Headphones),,SC (Top),UDP,08:57 AM,09:00 AM,4.1.9338.0929,-,3 kbps,-,29 ms,-,11 ms,-(-),3.93 %(3.87 %),-,-,-,43 ms,-,29 ms,-(-),0.1 %(1.0 %),-,-,-,-,-,-,-,-,-,-,-(-),-(-),-,-,-,-,2 %,3 %,7 %,18 %

popeye,Mac,192.168.19.98, (US ),Wifi,Yeti Stereo Microphone,Built-in Output (Headphones),FaceTime HD Camera,SC (Top),UDP,09:01 AM,10:05 AM,4.1.9338.0929,-,74 kbps,-,23 ms,-,19 ms,-(-),0.12 %(0.42 %),-,886 kbps,-,20 ms,-,22 ms,-(-),0.07 %(0.48 %),-,640*360,-,22 fps,-,-,-,-,-,-,-(-),-(-),-,-,-,-,7 %,9 %,12 %,33 %

Samsa,Windows,10.169.61.57,Regina (CA ),Wifi,,Speakers (Conexant SmartAudio HD),,TR (Sub),UDP,08:54 AM,10:05 AM,4.1.19663.0122,
Oliver,iOS,172.143.228.80,Alberta (CA ),3G,,,,TR (Sub),UDP,09:01 AM,09:19 AM,4.1.19739.0123,
Sunny,Mac,10.7.16.200,Richmond (CA ),Wifi,,Built-in Output (Internal Speakers),,TR (Sub),UDP,09:01 AM,09:17 AM,4.1.18796.0103,
Olive Oil,Mac,192.82.72.186,Vancouver (CA ),Wifi,Olive Oil’s Beats Solo³,Olive Oil’s Beats Solo³,,TR (Sub),UDP,09:15 AM,09:51 AM,4.1.19666.0122,
555199215,Windows,10.230.50.187,Bedford (US ),Wifi,Microphone (High Definition Audio Device),Speakers (High Definition Audio Device),,SC (Sub),UDP,08:57 AM,10:05 AM,4.1.19663.0122,
Katie Olns,Windows,172.241.240.21,Manassas (US ),Wifi,,Speakers (Realtek High Definition Audio),,SC (Sub),UDP,08:57 AM,09:55 AM,4.1.18847.0104,
Step,Windows,192.168.36.54, (NG ),Wifi,,Speakers (Conexant 20672 SmartAudio HD),,SC (Sub),UDP,08:57 AM,09:00 AM,4.1.19663.0122,
Harv,Windows,172.16.111.241,Mogadore (US ),Wired,,Speakers (2- Dell AC511 USB SoundBar),,SC (Sub),UDP,08:57 AM,09:56 AM,4.1.11049.1024,
pinto,Windows,10.97.68.52,Bothell (US ),Wifi,,Speaker/HP (Realtek High Definition Audio),,SC (Sub),UDP,08:57 AM,09:56 AM,4.1.19663.0122,
Karl Gallid,Mac,192.168.113.42,Muskegon (US ),Wifi,,Built-in Output (Internal Speakers),,SC (Sub),UDP,08:58 AM,09:55 AM,4.1.8826.0925,
mailik,Mac,29.203.112.222,Los Angeles (US ),Wifi,,Built-in Output (Headphones),,SC (Sub),UDP,08:58 AM,09:24 AM,4.1.18796.0103,
Franc Silvk,iOS,173.135.158.19,Everett (US ),Wifi,,,,SC (Sub),UDP,08:58 AM,09:55 AM,4.1.19739.0123,
Lisaan,Mac,173.157.43.240,Kenmore (US ),Wifi,Bose OE SoundLink,Bose OE SoundLink,,SC (Sub),UDP,08:58 AM,09:55 AM,4.1.19666.0122,
ELVIS,iOS,168.10.185.45,Tulsa (US ),Wifi,,Receiver,,SC (Sub),UDP,08:58 AM,09:55 AM,4.1.19739.0123,
Jefferson,Mac,172.26.232.140,Albuquerque (US ),Wifi,,Logicool G430 Gaming Headset,,SC (Sub),UDP,08:58 AM,10:05 AM,4.1.18796.0103,
Alice,Windows,176.12.21.228,Tacoma (US ),Wifi,,Speaker/HP (Realtek High Definition Audio),,SC (Sub),UDP,08:58 AM,09:01 AM,4.1.18847.0104,
Joshua Tree,Windows,171.191.34.131,Puyallup (US ),Wifi,,Speakers / Headphones (Realtek Audio),,SC (Sub),UDP,08:59 AM,09:04 AM,4.1.19663.0122,
Orrin Neville,Mac,192.168.196.2,Seattle (US ),Wifi,Built-in Microphone (Internal Microphone),Built-in Output (Headphones),,SC (Sub),UDP,08:59 AM,09:09 AM,4.1.17379.1218,
JOE,Windows,167.13.110.16,Seattle (US ),Wifi,,Speakers (Realtek High Definition Audio),,SC (Sub),UDP,08:59 AM,09:05 AM,4.1.19663.0122,
Kenny Fowler,Mac,174.17.84.169,Everett (US ),Wifi,Built-in Microphone (Internal Microphone),Built-in Output (Internal Speakers),,SC (Sub),UDP,08:59 AM,09:01 AM,4.0.38982.0714,
Javier G,Android,172.28.147.125,Tacoma (US ),3G,,,,SC (Sub),UDP,08:59 AM,09:01 AM,4.1.17396.1218,
Skreet,Windows,14.16.98.93,Dallas (US ),Wired,,Communication Headphones (IDT High Definition Audio CODEC),,SC (Sub),SSL+Proxy,08:59 AM,09:55 AM,4.0.38982.0714,
Shimpi,Windows,172.21.114.170,Seattle (US ),Wifi,,,,SC (Sub),UDP,08:59 AM,09:55 AM,4.1.19663.0122,
Ryan B.,Zoom Rooms,28.115.191.10,New York (US ),Others,,,,SC (Sub),UDP,08:59 AM,09:45 AM,3.5.64722.0907,
Viktor8498,Windows,173.31.33.148,San Jose (US ),Wifi,,Speakers (Conexant SmartAudio HD),,SC (Sub),UDP,09:00 AM,09:01 AM,4.1.18847.0104,
Olaf,Windows,174.96.65.18,Kensington (US ),Wifi,,Speakers (Conexant SmartAudio HD),,SC (Sub),UDP,09:00 AM,09:01 AM,4.1.18847.0104,
Robin,Windows,196.22.163.145,Bloomfield (US ),Wifi,,Speakers (Conexant SmartAudio HD),,SC (Sub),UDP,09:00 AM,09:59 AM,4.1.19663.0122,
Step,Windows,192.25.36.54, (NG ),Wifi,,Speakers (Conexant 20672 SmartAudio HD),,SC (Sub),UDP,09:00 AM,10:05 AM,4.1.19663.0122,
TheWord,Mac,124.174.162.87,Concord (US ),Wifi,,Built-in Output (Internal Speakers),,SC (Sub),UDP,09:00 AM,10:04 AM,4.1.19666.0122,
Selina,Android,172.121.137.59,Port Orchard (US ),Wifi,,,,SC (Sub),UDP,09:00 AM,09:03 AM,4.1.17396.1218,
C,Web,192.24.15.173,Englewood (US ),Others,,,,SC (Sub),UDP,09:00 AM,09:55 AM,4.0.116368.1205,
Romanov,Android,19.250.174.227,Birmingham (US ),Wifi,,,,SC (Sub),UDP,09:00 AM,10:05 AM,4.1.17396.1218,
JiuHui,Windows,172.11.11.239,Antioch (US ),Wifi,,Speakers (Realtek High Definition Audio),,SC (Sub),UDP,09:01 AM,09:55 AM,4.1.19663.0122,
rspla,Windows,197.121.143.137,Boise (US ),Wifi,,Speakers / Headphones (Realtek High Definition Audio),,SC (Sub),UDP,09:01 AM,09:55 AM,4.1.19663.0122,
Eddie Whote,Windows,171.63.75.245,Fredericksburg (US ),Wifi,,Speakers (Conexant SmartAudio HD),,SC (Sub),UDP,09:01 AM,09:55 AM,4.1.19663.0122,
Nathaniel,Mac,175.5.52.17,Racine (US ),Wifi,,Built-in Output (Internal Speakers),,SC (Sub),UDP,09:01 AM,09:55 AM,4.1.19666.0122,
James Franco,Windows,173.93.27.143,San Jose (US ),Wifi,,ASUS PB287Q-0 (NVIDIA High Definition Audio),,SC (Sub),UDP,09:01 AM,09:55 AM,4.1.19663.0122,
Alice,Windows,176.12.21.228,Tacoma (US ),Wifi,,Speaker/HP (Realtek High Definition Audio),,SC (Sub),UDP,09:01 AM,10:05 AM,4.1.18847.0104,
Jennir Powow,Mac,198.214.41.98,Springfield (US ),Wifi,,Built-in Output (Internal Speakers),,SC (Sub),UDP,09:01 AM,09:55 AM,4.1.19666.0122,
Estle,Mac,169.16.39.236,Spokane (US ),Wifi,Built-in Microphone (Internal Microphone),Built-in Output (Internal Speakers),,SC (Sub),UDP,09:01 AM,09:56 AM,4.1.18796.0103,
Bradley Cooper,Windows,172.204.127.43,El Monte (US ),Wired,Microphone Array (Realtek High Definition Audio),Speaker/Headphone (Realtek High Definition Audio),,SC (Sub),UDP,09:01 AM,09:59 AM,4.1.19663.0122,
Olaf,Windows,174.96.65.18,Kensington (US ),Wifi,,Speakers (Conexant SmartAudio HD),,SC (Sub),UDP,09:01 AM,09:45 AM,4.1.18847.0104,
jonjon,Mac,174.159.148.197,Los Angeles (US ),Wifi,Built-in Microphone (Internal Microphone),Built-in Output (Internal Speakers),,SC (Sub),UDP,09:02 AM,09:56 AM,4.1.19666.0122,
Kenny Fowler,Mac,174.17.84.169,Everett (US ),Wifi,,Built-in Output (Internal Speakers),,SC (Sub),UDP,09:02 AM,10:05 AM,4.0.38982.0714,
rteiran,Mac,104.132.177.187,Mountain View (US ),Wifi,,Built-in Output (Headphones),,SC (Sub),UDP,09:02 AM,09:58 AM,4.1.19666.0122,
Chablie,Windows,172.17.13.89, (US ),Wifi,,Speakers (HK Onyx Studio Stereo),,SC (Sub),UDP,09:02 AM,09:03 AM,4.1.19663.0122,
Jessica Simpson,Windows,172.45.116.9,Birmingham (US ),Wired,,Speakers (3- Logitech USB Headset),,SC (Sub),UDP,09:02 AM,09:55 AM,4.1.18847.0104,
WILL-I-AM,Android,172.156.7.248,Dallas (US ),3G,,,,SC (Sub),UDP,09:02 AM,09:11 AM,4.1.17396.1218,
Singh,Mac,176.228.162.40,Sunnyvale (US ),Wifi,,Built-in Output (Headphones),,SC (Sub),UDP,09:03 AM,10:05 AM,4.1.11049.1024,
Selina,Android,172.121.137.59,Port Orchard (US ),Wifi,,,,SC (Sub),UDP,09:03 AM,09:55 AM,4.1.17396.1218,
Billia,Mac,199.219.179.218,Pasadena (US ),Wifi,,Billia’s AirPods,,SC (Sub),UDP,09:03 AM,09:55 AM,4.1.18796.0103,
Wilson,Mac,173.188.199.43,Kent (US ),Wifi,,Built-in Output (Internal Speakers),,SC (Sub),UDP,09:03 AM,09:55 AM,4.1.19666.0122,
juliaooo,Windows,173.69.162.241,Seattle (US ),Wifi,,Speakers (Realtek High Definition Audio),,SC (Sub),UDP,09:03 AM,09:04 AM,4.1.18847.0104,
kamillionaire,Linux,115.112.117.190, (NG ),Others,,,,SC (Sub),UDP,09:04 AM,09:09 AM,3.5.115900.1201,
Chablie,Windows,172.17.13.89, (US ),Wifi,,Speakers (HK Onyx Studio Stereo),,SC (Sub),UDP,09:04 AM,09:55 AM,4.1.19663.0122,
Brad Bustin,Windows,167.171.215.189,Kirkland (US ),Wifi,,Speaker/Headphone (Realtek High Definition Audio),,SC (Sub),UDP,09:04 AM,10:05 AM,4.1.19663.0122,
Keith Kiwimira,Windows,172.13.168.195, (US ),Wifi,,Speaker/HP (Realtek High Definition Audio),,SC (Sub),UDP,09:04 AM,09:57 AM,4.0.36525.0619,
Joshua Tree,Windows,171.191.34.131,Puyallup (US ),Wifi,,Speakers / Headphones (Realtek Audio),,SC (Sub),UDP,09:04 AM,09:56 AM,4.1.19663.0122,
Zafi,Windows,124.185.244.38,Paterson (US ),Wifi,,Speakers (Realtek High Definition Audio),,SC (Sub),UDP,09:04 AM,10:05 AM,4.1.19663.0122,
Jordan,Windows,216.211.227.96,Mckinney (US ),Wired,,Speakers / Headphones (Realtek High Definition Audio),,SC (Sub),UDP,09:05 AM,10:01 AM,4.1.19663.0122,
JOE,Windows,167.13.110.16,Seattle (US ),Wifi,,Speakers (Realtek High Definition Audio),,SC (Sub),UDP,09:05 AM,09:09 AM,4.1.19663.0122,
juliaooo,Windows,173.69.162.241,Seattle (US ),Wifi,,Speakers (Realtek High Definition Audio),,SC (Sub),UDP,09:06 AM,09:56 AM,4.1.18847.0104,
krisp,Mac,166.128.169.58,Springfield (US ),Wifi,,Built-in Output (Internal Speakers),,SC (Sub),UDP,09:06 AM,10:05 AM,4.1.19666.0122,
MLL,Windows,168.213.225.118,Tulsa (US ),Wifi,,Speakers and Headphones (IDT High Definition Audio CODEC),,SC (Sub),UDP,09:06 AM,09:57 AM,4.1.18847.0104,
JOE,Windows,167.13.110.16,Seattle (US ),Wifi,,Speakers (Realtek High Definition Audio),,SC (Sub),UDP,09:09 AM,09:10 AM,4.1.19663.0122,
shelton,Mac,172.161.173.247,Kansas City (US ),Wifi,,Built-in Output (Internal Speakers),,SC (Sub),UDP,09:10 AM,09:55 AM,4.1.19666.0122,
JOE,Windows,167.13.110.16,Seattle (US ),Wifi,,Speakers (Realtek High Definition Audio),,SC (Sub),UDP,09:10 AM,10:05 AM,4.1.19663.0122,
mhrayaj,iOS,124.115.19.11,Michigan City (US ),Wifi,,,,SC (Sub),UDP,09:10 AM,09:56 AM,4.1.19739.0123,
ReginaSpectre,Windows,150.112.146.37,Los Angeles (US ),Wifi,,Speakers (Realtek High Definition Audio),,SC (Sub),UDP,09:11 AM,09:55 AM,4.1.19663.0122,
John Madden,Windows,197.34.99.144, (US ),Wifi,,Speakers (Realtek High Definition Audio),,SC (Sub),UDP,09:25 AM,09:29 AM,4.1.19663.0122,
Romanov,Windows,19.250.174.227,Birmingham (US ),Wifi,,Speakers (Realtek High Definition Audio),,SC (Sub),UDP,09:30 AM,10:05 AM,4.1.19663.0122,
Bruno Mars,Mac,172.77.109.127,Lima (PE ),Wifi,,Built-in Output (Internal Speakers),,SP (Sub),UDP,08:58 AM,09:55 AM,4.1.19666.0122,
Choo,Windows,124.245.55.184,Baraboo (US ),Wifi,Microphone (USB2.0 MIC),Speakers (Realtek High Definition Audio),,SC (Top),UDP,08:37 AM,10:05 AM,4.1.19663.0122,
home,Windows,173.208.211.127,Bartlett (US ),Wifi,,Speaker/HP (Realtek High Definition Audio),,SC (Top),UDP,08:37 AM,09:59 AM,4.1.19663.0122,
TK Beliz,Mac,167.223.75.121,Portland (US ),Wifi,Built-in Microphone (Internal Microphone),Built-in Output (Headphones),,SC (Top),UDP,08:37 AM,09:55 AM,4.1.19666.0122,
Nana Nana,Windows,132.234.198.39,Wethersfield (US ),Wifi,,Speakers (High Definition Audio Device),,SC (Top),UDP,08:37 AM,09:57 AM,4.1.19663.0122,
Jason Bateman,Mac,166.102.96.60,Chicago (US ),Wifi,,DisplayPort (SE790C),,SC (Top),UDP,08:38 AM,10:05 AM,4.1.19666.0122,
Veronica,Windows,172.158.46.252,Tacoma (US ),Wifi,Microphone (High Definition Audio Device),Speakers (High Definition Audio Device),,SC (Top),UDP,08:38 AM,10:05 AM,4.1.19663.0122,
MonsoonMoon,Windows,168.198.100.59,Glendale (US ),Wired,,Speakers (Realtek High Definition Audio),,SC (Top),UDP,08:38 AM,09:55 AM,4.1.19663.0122,
Kayty,Mac,173.242.173.204,San Jose (US ),Wifi,Built-in Microphone (Internal Microphone),,,SC (Top),UDP,08:38 AM,10:05 AM,4.0.22259.0125,
dynamix,Windows,124.118.203.52,Bellevue (US ),Wifi,,Speakers / Headphones (Realtek High Definition Audio),,SC (Top),UDP,08:39 AM,09:55 AM,4.1.18847.0104,
LindaBell,Windows,169.229.254.39,Cypress (US ),Wifi,,Speakers (IDT High Definition Audio CODEC),,SC (Top),UDP,08:41 AM,09:56 AM,4.1.18847.0104,
Karl,Windows,172.203.105.201,Palos Verdes Peninsula (US ),Wired,Microphone (2- 2.4G Wireless headset),Headphones (2- 2.4G Wireless headset),,SC (Top),UDP,08:41 AM,09:55 AM,4.1.18847.0104,
Bruno Mars,Mac,172.77.109.127,Lima (PE ),Wifi,,Built-in Output (Internal Speakers),,SC (Top),UDP,08:42 AM,08:43 AM,4.1.19666.0122,
kelvar,Windows,192.10.201.172,Dallas (US ),Wired,,Speakers and Headphones (IDT High Definition Audio CODEC),,SC (Top),UDP,08:44 AM,09:56 AM,4.1.19663.0122,
Kat,iOS,166.162.134.166, (US ),Wifi,,,,SC (Top),UDP,08:45 AM,09:24 AM,4.1.19739.0123,
Chris,Windows,124.20.202.98,Las Vegas (US ),Wired,Microphone (HD Pro Webcam C910),Headphone (Realtek High Definition Audio),,SC (Top),UDP,08:45 AM,10:02 AM,4.1.19663.0122,
Nagashree,Windows,223.237.215.47,Bangalore (IN ),Wired,,Speakers (High Definition Audio Device),,SC (Top),UDP,08:46 AM,09:01 AM,4.1.19663.0122,
Kavita,Windows,47.189.19.171,Plano (US ),Wifi,,,,SC (Top),UDP,08:46 AM,09:56 AM,4.1.19663.0122,
Dr. Dre,Windows,172.158.142.169,Chicago (US ),Wifi,,Speakers (Realtek High Definition Audio),,SC (Top),UDP,08:46 AM,08:51 AM,4.1.19663.0122,
Chris,Windows,207.247.120.162,Richmond (US ),Wired,,Headphone (Realtek High Definition Audio),,SC (Top),SSL+Proxy,08:46 AM,09:55 AM,4.1.19663.0122,
Jessica Simpson,Windows,172.45.116.9,Birmingham (US ),Wired,Microphone (3- Logitech USB Headset),Speakers (3- Logitech USB Headset),,SC (Top),UDP,08:46 AM,09:00 AM,4.1.18847.0104,
Warren G,Windows,198.232.122.186,Seattle (US ),Wifi,,Speakers (Realtek High Definition Audio),,SC (Top),UDP,08:47 AM,09:55 AM,4.1.19663.0122,
Dwight E,Windows,168.26.172.183,New Iberia (US ),Wifi,,Speaker/HP (Realtek High Definition Audio),,SC (Top),UDP,08:47 AM,09:25 AM,4.1.19663.0122,
ying yang,Mac,172.23.133.198,Tulsa (US ),Wifi,Built-in Microphone (Internal Microphone),Built-in Output (Headphones),,SC (Top),UDP,08:48 AM,09:55 AM,4.1.19666.0122,
Israel,Windows,192.52.243.125,Houston (US ),Wired,,Speakers / Headphones (Realtek Audio),,SC (Top),UDP,08:49 AM,09:55 AM,4.1.19663.0122,
katherine,Mac,154.249.196.172,Seattle (US ),Wifi,,Built-in Output (Internal Speakers),,SC (Top),SSL,08:49 AM,09:50 AM,4.1.19666.0122,
Yosief,Windows,172.212.229.185,Los Angeles (US ),Wifi,,Speaker/Headphone (Realtek High Definition Audio),,SC (Top),UDP,08:50 AM,09:01 AM,4.1.18847.0104,
BBq,Windows,168.74.65.29,Irvine (US ),Wifi,,Speakers (Realtek High Definition Audio),,SC (Top),UDP,08:50 AM,08:52 AM,4.1.19663.0122,
DB  Cooper,Windows,173.211.187.193,Sebastopol (US ),Wifi,Microphone Array (IDT High Definition Audio CODEC),Speakers / Headphones (IDT High Definition Audio CODEC),,SC (Top),UDP,08:50 AM,09:55 AM,4.1.19663.0122,
James Franco,Windows,173.93.27.143,San Jose (US ),Wifi,,ASUS PB287Q-0 (NVIDIA High Definition Audio),,SC (Top),UDP,08:50 AM,09:01 AM,4.1.19663.0122,
nitro,iOS,147.185.156.183,Keller (US ),Wifi,,,,SC (Top),UDP,08:51 AM,09:28 AM,4.1.19739.0123,
Dominic,Windows,172.188.133.2,Palmdale (US ),Wifi,,Speakers (Realtek High Definition Audio),,SC (Top),UDP,08:52 AM,09:55 AM,4.1.19663.0122,
Samantha,Mac,172.166.208.10,Stanford (US ),Wifi,Built-in Microphone (Internal Microphone),Built-in Output (Internal Speakers),,SC (Top),UDP,08:52 AM,09:47 AM,4.1.19666.0122,
sheila,Mac,173.136.169.25,Chicago (US ),Wifi,,,,SC (Top),UDP,08:52 AM,10:05 AM,4.1.19666.0122,
Chablie,Windows,172.17.13.89, (US ),Wifi,,Speakers (HK Onyx Studio Stereo),,SC (Top),UDP,08:52 AM,09:02 AM,4.1.19663.0122,
Hunter,Mac,154.240.196.175,Seattle (US ),Wifi,,Built-in Output (Internal Speakers),,SC (Top),SSL,08:52 AM,09:56 AM,4.1.19666.0122,
Sandy,Windows,21.17.46.231,Palmer (US ),Wifi,,,,SC (Top),UDP,08:53 AM,09:56 AM,4.1.18847.0104,
BBq,Windows,168.74.65.29,Irvine (US ),Wifi,,Speakers (Realtek High Definition Audio),,SC (Top),UDP,08:53 AM,10:05 AM,4.1.19663.0122,
Navarro,Mac,192.127.97.76,Carolina (PR ),Wifi,,Built-in Output (Internal Speakers),,SC (Top),UDP,08:53 AM,09:56 AM,4.1.19666.0122,
Estle,Mac,169.16.39.236,Spokane (US ),Wifi,,Built-in Output (Internal Speakers),,SC (Top),UDP,08:54 AM,09:01 AM,4.1.18796.0103,
Eduard,Windows,167.169.124.217,San Jose (US ),Wifi,,Динамики (Realtek High Definition Audio),,SC (Top),UDP,08:54 AM,09:57 AM,4.1.19663.0122,
Annie,Mac,108.193.84.76, (US ),Wifi,Annie’s Powerbeats³,Annie’s Powerbeats³,,SC (Top),UDP,08:55 AM,09:05 AM,4.1.19666.0122,
Neelaveni,Windows,124.116.152.197,Issaquah (US ),Wifi,,Speakers (Realtek High Definition Audio),,SC (Top),UDP,08:55 AM,09:05 AM,4.1.19663.0122,
Vennela,Windows,124.14.219.7,Pleasanton (US ),Wifi,,Speakers / Headphones (Realtek Audio),,SC (Top),UDP,08:55 AM,10:05 AM,4.1.19663.0122,
shakira,Linux,198.224.50.11,GizÃ¡n (SA ),Others,,Built-in Audio Analog Stereo,,SC (Top),UDP,08:55 AM,09:56 AM,3.5.115900.1201,
Carlos,Mac,28.196.240.10,Morton Grove (US ),Wifi,,Built-in Output (Headphones),,SC (Top),UDP,08:55 AM,09:55 AM,4.1.18796.0103,
MLL,Windows,168.213.225.118,Tulsa (US ),Wifi,,Speakers and Headphones (IDT High Definition Audio CODEC),,SC (Top),UDP,08:56 AM,09:01 AM,4.1.18847.0104,
Poche,Mac,197.181.213.64,Chicago (US ),Wifi,,Built-in Output (Internal Speakers),,SC (Top),UDP,08:56 AM,08:56 AM,4.1.19666.0122,
Keoni,Windows,172.14.123.177,Bakersfield (US ),Wifi,,Headphones (High Definition Audio Device),,SC (Top),UDP,08:56 AM,09:55 AM,4.1.19663.0122,
Poche,Mac,197.181.213.64,Chicago (US ),Wifi,Built-in Microphone (Internal Microphone),Built-in Output (Internal Speakers),,SC (Top),UDP,08:57 AM,09:56 AM,4.1.19666.0122,
Monica,Windows,172.205.91.250,Fort Worth (US ),Wifi,,Speakers (Conexant SmartAudio HD),,SC (Top),UDP,08:57 AM,10:05 AM,4.0.38982.0714,
Scott,Windows,176.102.65.190,Daly City (US ),Wifi,,Speakers (Realtek High Definition Audio),,SC (Top),UDP,08:57 AM,09:56 AM,4.0.36525.0619,
shunt,Windows,176.115.63.181,Framingham (US ),Wifi,,Speakers (Realtek High Definition Audio),,SC (Top),UDP,08:57 AM,09:55 AM,4.1.19663.0122,
Jessica Simmons,Windows,71.45.116.9,Birmingham (US ),Wired,,Speakers (3- Logitech USB Headset),,SC (Top),UDP,09:00 AM,09:01 AM,4.1.18847.0104,
Anas Mahdi,Android,174.206.0.146, (US ),3G,,,,SC (Top),UDP,09:01 AM,09:55 AM,4.1.17396.1218,
Javier G,Android,172.28.147.125,Tacoma (US ),3G,,,,SC (Top),UDP,09:01 AM,09:02 AM,4.1.17396.1218,
Mitch Emerson,Mac,172.113.216.37,Los Angeles (US ),Wifi,,Built-in Output (Internal Speakers),,SC (Top),UDP,09:01 AM,09:55 AM,4.1.19666.0122,
ReginaSpectre,Windows,150.112.146.37,Los Angeles (US ),Wifi,,Speakers (Realtek High Definition Audio),,SC (Top),UDP,09:01 AM,09:10 AM,4.1.19663.0122,
Yosief,Windows,172.212.229.185,Los Angeles (US ),Wifi,,Speaker/Headphone (Realtek High Definition Audio),,SC (Top),UDP,09:01 AM,09:56 AM,4.1.18847.0104,
Hon Nam,Windows,76.182.235.140,Mckinney (US ),Wifi,,Speakers (Realtek High Definition Audio),,SC (Top),UDP,09:02 AM,09:55 AM,4.1.18847.0104,
Viktor8498,Windows,173.31.33.148,San Jose (US ),Wifi,,Speakers (Conexant SmartAudio HD),,SC (Top),UDP,09:02 AM,09:56 AM,4.1.18847.0104,
Javier G,Android,172.28.147.125,Tacoma (US ),3G,,,,SC (Top),UDP,09:02 AM,09:55 AM,4.1.17396.1218,
Juan Mendez,Mac,166.170.24.154,Toledo (US ),Wifi,,Built-in Output (Internal Speakers),,SC (Top),UDP,09:05 AM,09:56 AM,4.1.19666.0122,
JC,Mac,174.81.22.182,Riverside (US ),Wifi,,Built-in Output (Internal Speakers),,SC (Top),UDP,09:05 AM,09:55 AM,4.1.19666.0122,
Neelaveni,Windows,124.116.152.197,Issaquah (US ),Wifi,Microphone (Realtek High Definition Audio),Speakers (Realtek High Definition Audio),,SC (Top),UDP,09:06 AM,09:56 AM,4.1.19663.0122,
academy,iOS,104.172.226.15,Culver City (US ),Wifi,,Receiver,,SC (Top),UDP,09:11 AM,09:42 AM,4.1.19739.0123,
mailik,Mac,29.203.112.222,Los Angeles (US ),Wifi,,Built-in Output (Headphones),,SC (Top),UDP,09:24 AM,09:43 AM,4.1.18796.0103,
Dwight E,Windows,168.26.172.183,New Iberia (US ),Wifi,,Speaker/HP (Realtek High Definition Audio),,SC (Top),UDP,09:25 AM,09:55 AM,4.1.19663.0122,r
HobKnob,Mac,555216871.226,Philadelphia (US ),Wifi,,Built-in Output (Headphones),,SC (Top),UDP,09:29 AM,09:55 AM,4.1.17379.1218,
Consuela,Windows,172.91.114.174,Santa Monica (US ),Wired,,Speakers / Headphones (IDT High Definition Audio CODEC),,SC (Top),UDP,09:44 AM,09:44 AM,4.1.19663.0122,
Alex jones,Mac,98.70.233.249,Trenton (US ),Wifi,,Built-in Output (Internal Speakers),,SC (Top),UDP,09:47 AM,09:56 AM,4.1.19666.0122,
Samantha,Mac,172.166.208.10,Stanford (US ),Wifi,,Built-in Output (Internal Speakers),,SC (Top),UDP,09:47 AM,10:05 AM,4.1.19666.0122,
EE,Zoom Rooms,12.239.13.147,Chicago (US ),Others,,,,SC (Top),SSL,09:54 AM,10:05 AM,3.5.64722.0907,
Dwight E,Windows,168.26.172.183,New Iberia (US ),Wifi,,Speaker/HP (Realtek High Definition Audio),,SC (Top),UDP,09:56 AM,09:56 AM,4.1.19663.0122,
taiwo tejuosho,Mac,73.36.167.5,Chicago (US ),Wifi,,Built-in Output (Internal Speakers),,SC (Top),UDP,09:56 AM,10:04 AM,4.1.10062.1016,
Mechelle,Windows,70.184.254.132,Tulsa (US ),Wired,,Speakers (Realtek High Definition Audio),,SC (Top),UDP,09:59 AM,10:05 AM,4.1.19663.0122,
taiwotejuosho,Mac,73.36.167.5,Chicago (US ),Wifi,,Built-in Output (Internal Speakers),,SC (Top),UDP,10:04 AM,10:05 AM,4.1.10062.1016,
Gopika Rao,Windows,110.148.137.131,South Yarra (AU ),Wifi,,Speakers (Realtek High Definition Audio),,,UDP,09:02 AM,09:55 AM,4.1.19663.0122,
Ron R,Windows,166.175.190.165,Illinois (US ),Wired,,Speakers (Parallels Audio Controller),,,UDP,09:07 AM,09:56 AM,4.1.19663.0122,
Aaron Ray,Windows,24.30.125.59,Alpharetta (US ),Wifi,Mic in at front panel (black) (Realtek High Definition Audio),Speaker/HP (Realtek High Definition Audio),,,UDP,09:07 AM,09:56 AM,4.0.36525.0619,r
HobKnob,Mac,555216871.226,Philadelphia (US ),Wifi,,Built-in Output (Headphones),,,UDP,09:09 AM,09:19 AM,4.1.17379.1218,
hermoine,Windows,150.147.76.58,Bellevue (US ),Wifi,,Speakers (Conexant 20671 SmartAudio HD),,,UDP,09:14 AM,09:57 AM,4.1.18847.0104,
VictorSSK,Windows,192.122.94.7,Duluth (US ),Wired,,Speakers (Plantronics C320),,,SSL,09:15 AM,09:55 AM,4.1.19663.0122,
John Madden,Windows,124.192.239.232,Florida (US ),Wifi,,Speakers (Realtek High Definition Audio),,,TCP,09:16 AM,09:21 AM,4.1.19663.0122,
Ed Scissors,Mac,172.123.57.43,Los Angeles (US ),Wifi,,Built-in Output (Headphones),,,UDP,09:17 AM,09:56 AM,4.1.19666.0122,r
HobKnob,Mac,555216871.226,Philadelphia (US ),Wifi,,Built-in Output (Headphones),,,UDP,09:19 AM,09:19 AM,4.1.17379.1218,r
HobKnob,Mac,555216871.226,Philadelphia (US ),Wifi,,Built-in Output (Headphones),,,UDP,09:19 AM,09:29 AM,4.1.17379.1218,
Murray,Mac,174.202.210.182,Seattle (US ),Wifi,,Built-in Output (Internal Speakers),,,UDP,09:21 AM,09:54 AM,4.1.19666.0122,
nitrohani,Windows,147.185.56.183,Keller (US ),Wifi,,Speakers (High Definition Audio Device),,,UDP,09:27 AM,09:59 AM,4.1.19663.0122,
John Madden,Windows,1174.1997.6.1,Crystal Lake (US ),Wifi,,Speakers (Realtek High Definition Audio),,,UDP,09:29 AM,09:43 AM,4.1.19663.0122,
Dr. Dre,Windows,172.158.142.169,Chicago (US ),Wifi,,Speakers (Realtek High Definition Audio),,,UDP,09:32 AM,10:05 AM,4.1.19663.0122,
Cameron,Mac,197.105.68.173,Anthony (US ),Wifi,,Built-in Output (Headphones),,,UDP,09:34 AM,09:55 AM,4.1.18796.0103,
Abcar,Windows,172.52.33.98, (US ),Wired,Microphone Array (Realtek High Definition Audio),Speakers (Plugable Audio),,,UDP,09:34 AM,09:55 AM,3.5.47163.0412,
Kat,iOS,166.162.134.166, (US ),Wifi,,,,,UDP,09:39 AM,09:57 AM,4.1.19739.0123,
WILL-I-AM,Android,172.156.7.248,Dallas (US ),3G,,,,,UDP,09:11 AM,09:44 AM,4.1.17396.1218,
manicure,Windows,192.128.173.166,Kuala Lumpur (MY ),Wifi,,Speakers (Intel SST Audio Device (WDM)),,HK (Sub),UDP,08:38 AM,09:56 AM,4.1.18847.0104,
David LAPD,iPAD,127.255.105.132,Huai Khwang (TH ),3G,,,,HK (Sub),UDP,08:47 AM,09:03 AM,4.1.19739.0123,
Kang,Mac,188.166.104.109,Seoul (KR ),Wifi,,Built-in Output (Headphones),,HK (Sub),UDP,08:52 AM,09:56 AM,4.1.19666.0122,
David LAPD,iPAD,127.255.105.132,Huai Khwang (TH ),3G,,,,HK (Sub),UDP,09:06 AM,10:02 AM,4.1.19739.0123,
Jorbrand,Mac,124.14.197.20,Makati City (PH ),Wifi,,Built-in Output (Internal Speakers),,HK (Sub),UDP,09:14 AM,10:05 AM,4.1.19666.0122,
manicure,Windows,192.128.173.166,Kuala Lumpur (MY ),Wifi,,Speakers (Intel SST Audio Device (WDM)),,HK (Sub),UDP,09:57 AM,09:57 AM,4.1.18847.0104,
Bruno Mars,Mac,172.717.19.127,Lima (PE ),Wifi,,Built-in Output (Internal Speakers),,SP (Sub),UDP,08:39 AM,08:42 AM,4.1.19666.0122,
Crowley,Windows,195.187.149.12, (PL ),Wired,Microphone (AT2020USB+),Headphones (AT2020USB+),,AM (Sub),UDP,08:42 AM,09:37 AM,4.1.19663.0122,
Ioanin,Windows,172.129.222.171,Calafat (RO ),Wifi,,Headphones (High Definition Audio Device),,AM (Sub),UDP,08:56 AM,09:57 AM,4.1.19663.0122,
АЛЕКСАНДРE,Windows,172.27.55.230,Amsterdam (NL ),Wifi,,Динамики (Realtek High Definition Audio),,AM (Sub),UDP,09:00 AM,09:47 AM,4.1.10062.1016,
Chris,Windows,192.168.244.29, (GB ),PPP,,Speakers / Headphones (Realtek Audio),,AM (Sub),SSL+Proxy,09:03 AM,09:55 AM,4.1.18847.0104,
Gordon freeman,Android,172.20.251.13,London (GB ),3G,,,,AM (Sub),UDP,09:42 AM,09:49 AM,4.1.17396.1218,
Gordon freeman,Android,192.168.90.72, (GB ),Wifi,,,,AM (Sub),UDP,09:49 AM,09:52 AM,4.1.17396.1218,
Vikar Kumin L,Linux,172.30.167.252,Bangalore (IN ),Others,,Built-in Audio Analog Stereo,,MB (Sub),UDP,08:51 AM,09:56 AM,3.5.115900.1201,
Nagashree,Windows,172.17.215.47,Bangalore (IN ),Wired,,Speakers (High Definition Audio Device),,MB (Sub),UDP,09:02 AM,09:17 AM,4.1.19663.0122,
ramesa,Windows,10.207.51.146,Bangalore (IN ),Wifi,,Bluetooth Headphones (Bluetooth Audio),,MB (Sub),UDP,09:07 AM,09:09 AM,4.1.19663.0122,
ramesa,Windows,10.207.51.146,Bangalore (IN ),Wifi,,Speakers (High Definition Audio Device),,MB (Sub),UDP,09:10 AM,10:05 AM,4.1.19663.0122,
Shubi Kimble,Windows,10.35.55.57,Pune (IN ),Wifi,Mic in at front panel (black) (Realtek High Definition Audio),Speaker/Headphone (Realtek High Definition Audio),,MB (Sub),UDP,09:15 AM,09:39 AM,4.1.18847.0104,
Nagatree,Windows,10.237.215.47,Bangalore (IN ),Wired,,Speakers (High Definition Audio Device),,MB (Sub),UDP,09:17 AM,09:56 AM,4.1.19663.0122,
